{"cameraMode":{"drawMode":0,"name":"Shaded","section":"Shading Mode"},"sceneLighting":true,"audioPlay":false,"sceneViewState":{"showFog":true,"showMaterialUpdate":false,"showSkybox":true,"showFlares":true,"showImageEffects":true,"showParticleSystems":true},"in2DMode":false,"pivot":{"x":-546.9165649414063,"y":-313.0173034667969,"z":0.394864946603775},"rotation":{"x":-0.107474684715271,"y":-0.6812413334846497,"z":0.10213048756122589,"w":-0.7168943881988525},"size":8.351828575134278,"orthographic":false}