{"cameraMode":{"drawMode":0,"name":"Shaded","section":"Shading Mode"},"sceneLighting":false,"audioPlay":false,"sceneViewState":{"showFog":true,"showMaterialUpdate":false,"showSkybox":false,"showFlares":true,"showImageEffects":true,"showParticleSystems":true},"in2DMode":false,"pivot":{"x":560.9454956054688,"y":326.6883544921875,"z":-4.040843963623047},"rotation":{"x":0.19706477224826814,"y":-0.27320361137390139,"z":-0.057287633419036868,"w":-0.9398133158683777},"size":22.0,"orthographic":false}