{"cameraMode":{"drawMode":0,"name":"Shaded","section":"Shading Mode"},"sceneLighting":false,"audioPlay":false,"sceneViewState":{"showFog":true,"showMaterialUpdate":false,"showSkybox":false,"showFlares":true,"showImageEffects":true,"showParticleSystems":true},"in2DMode":false,"pivot":{"x":321.89959716796877,"y":107.52103424072266,"z":-300.0944519042969},"rotation":{"x":-0.08116234093904495,"y":0.6885709762573242,"z":-0.0780063346028328,"w":-0.7163944840431213},"size":4.041658401489258,"orthographic":false}